amplicon,input_seq,RC,window
rhAmpSeqOT1,GTTTTATGTGCGAACTCTC,TRUE,"2,12"
rhAmpSeqOT2,GTTTTAAGTGCAAACACTC,TRUE,"2,12"
rhAmpSeqOT3,GTTGATAGAGCAAGAGCTC,FALSE,"2,12"
rhAmpSeqOT4,TTTGTATGTGCAAACTCTC,TRUE,"2,12"
rhAmpSeqOT5,AATGATATGTGCAGACTCTC,FALSE,"2,12"
rhAmpSeqOT6,TTTGCATATGTGCAAATCCTC,TRUE,"2,12"
rhAmpSeqOT7,GATGATCAGTAGCAAACGCTC,TRUE,"2,12"
rhAmpSeqOT8,CTTGATTGTGCAAGTGCTC,TRUE,"2,12"
rhAmpSeqOT9,GTGGACATGTGCAAACACCC,FALSE,"2,12"
rhAmpSeqOT10,GTTTATATGTAGCAGACACTC,TRUE,"2,12"
rhAmpSeqOT11,GTTTAAATGCAAACGCTC,FALSE,"2,12"
rhAmpSeqOT12,GATTATATGTGCTAATGCTC,TRUE,"2,12"
rhAmpSeqOT13,GAAGATAAGTGCAAACCCTC,TRUE,"2,12"
rhAmpSeqOT14,ATTGATAGCTGTGCAAAAGCTC,FALSE,"2,12"
rhAmpSeqOT15,ATTGTTAGTGCACACGCTC,FALSE,"2,12"
rhAmpSeqOT16,ATTAATATGTTTAAACGCTC,FALSE,"2,12"
rhAmpSeqOT17,TTTGTATGTGAAAAAGCTC,TRUE,"2,12"
rhAmpSeqOT18,TTTGGTATGTCAAAAGCTC,TRUE,"2,12"
rhAmpSeqOT19,ATTGTTATGTGCAGACTCTC,FALSE,"2,12"
rhAmpSeqOT20,GTTGATATCAACAAACACTC,TRUE,"2,12"
rhAmpSeqOT21,GTTGATATGGTAAACACTC,FALSE,"2,12"
rhAmpSeqOT22,GTTGATATTAGTCCAAATGCTC,TRUE,"2,12"
rhAmpSeqOT23,GCTGATTGTGAAAACACTC,TRUE,"2,12"
rhAmpSeqOT24,TTTGGTATGTGTAACGCTC,TRUE,"2,12"
rhAmpSeqOT25,CTTGATATGAGCAAAGCTC,FALSE,"2,12"
rhAmpSeqOT26,GTTTTATGTACAAACACTC,FALSE,"2,12"
rhAmpSeqOT27,GTAGAATATTTGCAAATGCTC,TRUE,"2,12"
rhAmpSeqOT28,GTTTTAAGTGCAAATGCTC,FALSE,"2,12"
rhAmpSeqOT29,GTTGCATATGTGCAAGCACTA,FALSE,"2,12"
rhAmpSeqOT30,CCTGATATGTGCAAAGACTC,FALSE,"2,12"
rhAmpSeqOT31,GTTCTAAGTGCAAACCCTC,TRUE,"2,12"
rhAmpSeqOT32,GTTTGTTTTGCAAACGCTC,FALSE,"2,12"
rhAmpSeqOT33,TTTGTCTGTGCAAACACTC,FALSE,"2,12"
rhAmpSeqOT34,GTTCACTGGGCAAACGCTC,TRUE,"2,12"
rhAmpSeqOT35,GTTGGTATGTGCAGAGCTC,TRUE,"2,12"
rhAmpSeqOT36,GTGTATTTGTGCAAACACTC,FALSE,"2,12"
rhAmpSeqOT37,GTTTATATGTGGAGACGCTC,TRUE,"2,12"
rhAmpSeqOT38,TTTGATAGGTGAAAACACTC,FALSE,"2,12"
rhAmpSeqOT39,GTTACTAGTGCAAACGCTA,TRUE,"2,12"
rhAmpSeqOT40,GATGATTTGTGCAAAGCTC,TRUE,"2,12"
rhAmpSeqOT41,GATCATATGTGCAGACTCTC,TRUE,"2,12"
rhAmpSeqOT42,GTTTATAGGGCAAACCCTC,TRUE,"2,12"
rhAmpSeqOT43,GTTTATATCTGCAGAAGCTC,FALSE,"2,12"
rhAmpSeqOT44,GTTTATAAGTAAACGCTC,TRUE,"2,12"
rhAmpSeqOT45,ATTAATATTGCAAACGCTA,TRUE,"2,12"
rhAmpSeqOT46,TTTGATAGTGCAAGCCCTC,FALSE,"2,12"
rhAmpSeqOT47,GTTTATATGGGCAAGCACTC,FALSE,"2,12"
rhAmpSeqOT48,TTTGATAAGTGCAGATGCTC,FALSE,"2,12"
rhAmpSeqOT49,ATTGTCTGTACAAACGCTC,TRUE,"2,12"
rhAmpSeqOT50,GTTCATAAGTGAAAACACTC,TRUE,"2,12"